Workbook

Sheet Por Recursos
B1: Presupuesto de Proyecto | F1: Cultura X
B2: Elaborado por: Cultura X | E2: % Reserva de Contingencia | G2: 0.3
B3: Scrum Master: Ricardo Gonzalez | E3: Presupuesto | F3: Reservas | G3: Total
B4: Fecha de Inicio: 15/08/2025 | D4: Total | E4: =G7 -> 3095694 | F4: =E4*G2 -> 928708.2 | G4: =E4+F4 -> 4024402.2
B6: Categoría | C6: Recurso | E6: Tipo de Unidades | F6: Tasa | G6: Presupuesto
B7: Costos Directos | G7: =G8+G12 -> 3095694
B8: Labor (Personal) | G8: =SUM(G9:G11) -> 2714754
C9: Ricardo Gonzalez | E9: =VLOOKUP(C9,Datos!$B$8:$E$15,3,) -> Horas / Jornadas | F9: =VLOOKUP(C9,Datos!$B$8:$E$13,4,) -> 7630 | G9: =SUMIF('Presupuesto Detallado'!D:D, "Ricardo Gonzalez", 'Presupuesto Detallado'!I:I) -> 904918
C10: Bastian Vidal | E10: =VLOOKUP(C10,Datos!$B$8:$E$15,3,) -> Horas / Jornadas | F10: =VLOOKUP(C10,Datos!$B$8:$E$13,4,) -> 7630 | G10: =SUMIF('Presupuesto Detallado'!D:D, "Bastian Vidal", 'Presupuesto Detallado'!I:I) -> 904918
C11: Rodrigo Gonzalez | E11: =VLOOKUP(C11,Datos!$B$8:$E$15,3,) -> Horas / Jornadas | F11: =VLOOKUP(C11,Datos!$B$8:$E$13,4,) -> 7630 | G11: =SUMIF('Presupuesto Detallado'!D:D, "Rodrigo Gonzalez", 'Presupuesto Detallado'!I:I) -> 904918
B12: Licencias | G12: =SUM(G13:G17) -> 380940
C13: Microsoft 365 | E13: =VLOOKUP(C13,Datos!$B$8:$E$15,3,) -> Cantidad | F13: =VLOOKUP(C13,Datos!$B$8:$E$15,4,) -> 8490 | G13: =SUMIF('Presupuesto Detallado'!D:D, "Microsoft 365", 'Presupuesto Detallado'!I:I) -> 50940
C14: Trello | E14: =VLOOKUP(C14,Datos!$B$8:$E$15,3,) -> Cantidad | F14: =VLOOKUP(C14,Datos!$B$8:$E$15,4,) -> 5000 | G14: =SUMIF('Presupuesto Detallado'!D:D, "Trello", 'Presupuesto Detallado'!I:I) -> 95000
C15: Firebase | E15: =VLOOKUP(C15,Datos!$B$8:$E$15,3,) -> Cantidad | F15: =VLOOKUP(C15,Datos!$B$8:$E$13,4,) -> 15000 | G15: =SUMIF('Presupuesto Detallado'!D:D, "Firebase", 'Presupuesto Detallado'!I:I) -> 195000
C16: Dominio | E16: =VLOOKUP(C16,Datos!$B$8:$E$15,3,) -> Cantidad | F16: =VLOOKUP(C16,Datos!$B$8:$E$13,4,) -> 10000 | G16: =SUMIF('Presupuesto Detallado'!D:D, "Dominio", 'Presupuesto Detallado'!I:I) -> 10000
C17: Hosting | E17: =VLOOKUP(C17,Datos!$B$8:$E$15,3,) -> Cantidad | F17: =VLOOKUP(C17,Datos!$B$8:$E$13,4,) -> 30000 | G17: =SUMIF('Presupuesto Detallado'!D:D, "Hosting", 'Presupuesto Detallado'!I:I) -> 30000

Sheet Presupuesto Detallado
B1: Presupuesto de Proyecto | G1: Cultura X
B2: Elaborado por: Cultura X | G2: % Reserva de Contingencia | I2: 0.3
B3: Scrum Master: Ricardo Gonzalez | G3: Presupuesto | H3: Reservas | I3: Total
B4: Fecha de Inicio: 15/08/2025 | E4: Total | G4: =I7+I88 -> 3095694 | H4: =G4*I2 -> 928708.2 | I4: =G4+H4 -> 4024402.2
B6: Código | C6: Tarea / Actividad | D6: Elemento | E6: Tipo de Recurso | F6: Tipo de Unidades | G6: Unidades | H6: Tasa | I6: Presupuesto
B7: 1 | C7: Desarrollo | I7: =I8+I16+I22+I28+I34+I40+I46+I52+I58+I64+I70+I76+I82 -> 2694294
B8: 1.1 | C8: Épica 1: Autenticación y gestión de usuarios | I8: =SUM(I9:I15) -> 364437
D9: Ricardo Gonzalez | E9: =IFERROR(VLOOKUP(D9,Datos!$B$8:$E$15,2,),"") -> Labor (Personal) | F9: =IFERROR(VLOOKUP(D9,Datos!$B$8:$E$15,3,),"") -> Horas / Jornadas | G9: 13.3 | H9: {=XLOOKUP(D9,Datos!B:B,Datos!E:E,"Error",0)} -> 7630 | I9: =G9*H9 -> 101479
D10: Bastian Vidal | E10: =IFERROR(VLOOKUP(D10,Datos!$B$8:$E$15,2,),"") -> Labor (Personal) | F10: =IFERROR(VLOOKUP(D10,Datos!$B$8:$E$15,3,),"") -> Horas / Jornadas | G10: 13.3 | H10: {=XLOOKUP(D10,Datos!B:B,Datos!E:E,"Error",0)} -> 7630 | I10: =G10*H10 -> 101479
D11: Rodrigo Gonzalez | E11: =IFERROR(VLOOKUP(D11,Datos!$B$8:$E$15,2,),"") -> Labor (Personal) | F11: =IFERROR(VLOOKUP(D11,Datos!$B$8:$E$15,3,),"") -> Horas / Jornadas | G11: 13.3 | H11: {=XLOOKUP(D11,Datos!B:B,Datos!E:E,"Error",0)} -> 7630 | I11: =G11*H11 -> 101479
D12: Firebase | E12: =IFERROR(VLOOKUP(D12,Datos!$B$8:$E$15,2,),"") -> Licencias | F12: =IFERROR(VLOOKUP(D12,Datos!$B$8:$E$15,3,),"") -> Cantidad | G12: 1 | H12: {=XLOOKUP(D12,Datos!B:B,Datos!E:E,"Error",0)} -> 15000 | I12: =G12*H12 -> 15000
D13: Trello | E13: =IFERROR(VLOOKUP(D13,Datos!$B$8:$E$15,2,),"") -> Licencias | F13: =IFERROR(VLOOKUP(D13,Datos!$B$8:$E$15,3,),"") -> Cantidad | G13: 1 | H13: {=XLOOKUP(D13,Datos!B:B,Datos!E:E,"Error",0)} -> 5000 | I13: =G13*H13 -> 5000
D14: Hosting | E14: =IFERROR(VLOOKUP(D14,Datos!$B$8:$E$15,2,),"") -> Licencias | F14: =IFERROR(VLOOKUP(D14,Datos!$B$8:$E$15,3,),"") -> Cantidad | G14: 1 | H14: {=XLOOKUP(D14,Datos!B:B,Datos!E:E,"Error",0)} -> 30000 | I14: =G14*H14 -> 30000
D15: Dominio | E15: =IFERROR(VLOOKUP(D15,Datos!$B$8:$E$15,2,),"") -> Licencias | F15: =IFERROR(VLOOKUP(D15,Datos!$B$8:$E$15,3,),"") -> Cantidad | G15: 1 | H15: {=XLOOKUP(D15,Datos!B:B,Datos!E:E,"Error",0)} -> 10000 | I15: =G15*H15 -> 10000
B16: 1.2 | C16: Épica 2: Contenido cultural y vistas por categoría | E16: =IFERROR(VLOOKUP(D16,Datos!$B$8:$E$15,2,),"") | F16: =IFERROR(VLOOKUP(D16,Datos!$B$8:$E$15,3,),"") | I16: =SUM(I17:I21) -> 324437
D17: Ricardo Gonzalez | E17: =IFERROR(VLOOKUP(D17,Datos!$B$8:$E$15,2,),"") -> Labor (Personal) | F17: =IFERROR(VLOOKUP(D17,Datos!$B$8:$E$15,3,),"") -> Horas / Jornadas | G17: 13.3 | H17: {=XLOOKUP(D17,Datos!B:B,Datos!E:E,"Error",0)} -> 7630 | I17: =G17*H17 -> 101479
D18: Bastian Vidal | E18: =IFERROR(VLOOKUP(D18,Datos!$B$8:$E$15,2,),"") -> Labor (Personal) | F18: =IFERROR(VLOOKUP(D18,Datos!$B$8:$E$15,3,),"") -> Horas / Jornadas | G18: 13.3 | H18: {=XLOOKUP(D18,Datos!B:B,Datos!E:E,"Error",0)} -> 7630 | I18: =G18*H18 -> 101479
D19: Rodrigo Gonzalez | E19: =IFERROR(VLOOKUP(D19,Datos!$B$8:$E$15,2,),"") -> Labor (Personal) | F19: =IFERROR(VLOOKUP(D19,Datos!$B$8:$E$15,3,),"") -> Horas / Jornadas | G19: 13.3 | H19: {=XLOOKUP(D19,Datos!B:B,Datos!E:E,"Error",0)} -> 7630 | I19: =G19*H19 -> 101479
D20: Trello | E20: =IFERROR(VLOOKUP(D20,Datos!$B$8:$E$15,2,),"") -> Licencias | F20: =IFERROR(VLOOKUP(D20,Datos!$B$8:$E$15,3,),"") -> Cantidad | G20: 1 | H20: {=XLOOKUP(D20,Datos!B:B,Datos!E:E,"Error",0)} -> 5000 | I20: =G20*H20 -> 5000
D21: Firebase | E21: =IFERROR(VLOOKUP(D21,Datos!$B$8:$E$15,2,),"") -> Licencias | F21: =IFERROR(VLOOKUP(D21,Datos!$B$8:$E$15,3,),"") -> Cantidad | G21: 1 | H21: {=XLOOKUP(D21,Datos!B:B,Datos!E:E,"Error",0)} -> 15000 | I21: =G21*H21 -> 15000
B22: 1.3 | C22: Épica 3: Sistema de reseñas y calificaciones | E22: =IFERROR(VLOOKUP(D22,Datos!$B$8:$E$15,2,),"") | F22: =IFERROR(VLOOKUP(D22,Datos!$B$8:$E$15,3,),"") | I22: =SUM(I23:I27) -> 324437
D23: Ricardo Gonzalez | E23: =IFERROR(VLOOKUP(D23,Datos!$B$8:$E$15,2,),"") -> Labor (Personal) | F23: =IFERROR(VLOOKUP(D23,Datos!$B$8:$E$15,3,),"") -> Horas / Jornadas | G23: 13.3 | H23: {=XLOOKUP(D23,Datos!B:B,Datos!E:E,"Error",0)} -> 7630 | I23: =G23*H23 -> 101479
D24: Bastian Vidal | E24: =IFERROR(VLOOKUP(D24,Datos!$B$8:$E$15,2,),"") -> Labor (Personal) | F24: =IFERROR(VLOOKUP(D24,Datos!$B$8:$E$15,3,),"") -> Horas / Jornadas | G24: 13.3 | H24: {=XLOOKUP(D24,Datos!B:B,Datos!E:E,"Error",0)} -> 7630 | I24: =G24*H24 -> 101479
D25: Rodrigo Gonzalez | E25: =IFERROR(VLOOKUP(D25,Datos!$B$8:$E$15,2,),"") -> Labor (Personal) | F25: =IFERROR(VLOOKUP(D25,Datos!$B$8:$E$15,3,),"") -> Horas / Jornadas | G25: 13.3 | H25: {=XLOOKUP(D25,Datos!B:B,Datos!E:E,"Error",0)} -> 7630 | I25: =G25*H25 -> 101479
D26: Trello | E26: =IFERROR(VLOOKUP(D26,Datos!$B$8:$E$15,2,),"") -> Licencias | F26: =IFERROR(VLOOKUP(D26,Datos!$B$8:$E$15,3,),"") -> Cantidad | G26: 1 | H26: {=XLOOKUP(D26,Datos!B:B,Datos!E:E,"Error",0)} -> 5000 | I26: =G26*H26 -> 5000
D27: Firebase | E27: =IFERROR(VLOOKUP(D27,Datos!$B$8:$E$15,2,),"") -> Licencias | F27: =IFERROR(VLOOKUP(D27,Datos!$B$8:$E$15,3,),"") -> Cantidad | G27: 1 | H27: {=XLOOKUP(D27,Datos!B:B,Datos!E:E,"Error",0)} -> 15000 | I27: =G27*H27 -> 15000
B28: 1.4 | C28: Épica 4: Perfil de usuario | E28: =IFERROR(VLOOKUP(D28,Datos!$B$8:$E$15,2,),"") | F28: =IFERROR(VLOOKUP(D28,Datos!$B$8:$E$15,3,),"") | I28: =SUM(I29:I33) -> 171074
D29: Ricardo Gonzalez | E29: =IFERROR(VLOOKUP(D29,Datos!$B$8:$E$15,2,),"") -> Labor (Personal) | F29: =IFERROR(VLOOKUP(D29,Datos!$B$8:$E$15,3,),"") -> Horas / Jornadas | G29: 6.6 | H29: {=XLOOKUP(D29,Datos!B:B,Datos!E:E,"Error",0)} -> 7630 | I29: =G29*H29 -> 50358
D30: Bastian Vidal | E30: =IFERROR(VLOOKUP(D30,Datos!$B$8:$E$15,2,),"") -> Labor (Personal) | F30: =IFERROR(VLOOKUP(D30,Datos!$B$8:$E$15,3,),"") -> Horas / Jornadas | G30: 6.6 | H30: {=XLOOKUP(D30,Datos!B:B,Datos!E:E,"Error",0)} -> 7630 | I30: =G30*H30 -> 50358
D31: Rodrigo Gonzalez | E31: =IFERROR(VLOOKUP(D31,Datos!$B$8:$E$15,2,),"") -> Labor (Personal) | F31: =IFERROR(VLOOKUP(D31,Datos!$B$8:$E$15,3,),"") -> Horas / Jornadas | G31: 6.6 | H31: {=XLOOKUP(D31,Datos!B:B,Datos!E:E,"Error",0)} -> 7630 | I31: =G31*H31 -> 50358
D32: Trello | E32: =IFERROR(VLOOKUP(D32,Datos!$B$8:$E$15,2,),"") -> Licencias | F32: =IFERROR(VLOOKUP(D32,Datos!$B$8:$E$15,3,),"") -> Cantidad | G32: 1 | H32: {=XLOOKUP(D32,Datos!B:B,Datos!E:E,"Error",0)} -> 5000 | I32: =G32*H32 -> 5000
D33: Firebase | E33: =IFERROR(VLOOKUP(D33,Datos!$B$8:$E$15,2,),"") -> Licencias | F33: =IFERROR(VLOOKUP(D33,Datos!$B$8:$E$15,3,),"") -> Cantidad | G33: 1 | H33: {=XLOOKUP(D33,Datos!B:B,Datos!E:E,"Error",0)} -> 15000 | I33: =G33*H33 -> 15000
B34: 1.5 | C34: Épica 5: Optimización y mantenimiento | E34: =IFERROR(VLOOKUP(D34,Datos!$B$8:$E$15,2,),"") | F34: =IFERROR(VLOOKUP(D34,Datos!$B$8:$E$15,3,),"") | I34: =SUM(I35:I39) -> 171074
D35: Ricardo Gonzalez | E35: =IFERROR(VLOOKUP(D35,Datos!$B$8:$E$15,2,),"") -> Labor (Personal) | F35: =IFERROR(VLOOKUP(D35,Datos!$B$8:$E$15,3,),"") -> Horas / Jornadas | G35: 6.6 | H35: {=XLOOKUP(D35,Datos!B:B,Datos!E:E,"Error",0)} -> 7630 | I35: =G35*H35 -> 50358
D36: Bastian Vidal | E36: =IFERROR(VLOOKUP(D36,Datos!$B$8:$E$15,2,),"") -> Labor (Personal) | F36: =IFERROR(VLOOKUP(D36,Datos!$B$8:$E$15,3,),"") -> Horas / Jornadas | G36: 6.6 | H36: {=XLOOKUP(D36,Datos!B:B,Datos!E:E,"Error",0)} -> 7630 | I36: =G36*H36 -> 50358
D37: Rodrigo Gonzalez | E37: =IFERROR(VLOOKUP(D37,Datos!$B$8:$E$15,2,),"") -> Labor (Personal) | F37: =IFERROR(VLOOKUP(D37,Datos!$B$8:$E$15,3,),"") -> Horas / Jornadas | G37: 6.6 | H37: {=XLOOKUP(D37,Datos!B:B,Datos!E:E,"Error",0)} -> 7630 | I37: =G37*H37 -> 50358
D38: Trello | E38: =IFERROR(VLOOKUP(D38,Datos!$B$8:$E$15,2,),"") -> Licencias | F38: =IFERROR(VLOOKUP(D38,Datos!$B$8:$E$15,3,),"") -> Cantidad | G38: 1 | H38: {=XLOOKUP(D38,Datos!B:B,Datos!E:E,"Error",0)} -> 5000 | I38: =G38*H38 -> 5000
D39: Firebase | E39: =IFERROR(VLOOKUP(D39,Datos!$B$8:$E$15,2,),"") -> Licencias | F39: =IFERROR(VLOOKUP(D39,Datos!$B$8:$E$15,3,),"") -> Cantidad | G39: 1 | H39: {=XLOOKUP(D39,Datos!B:B,Datos!E:E,"Error",0)} -> 15000 | I39: =G39*H39 -> 15000
B40: 1.6 | C40: Épica 6: Publicidad y monetización | E40: =IFERROR(VLOOKUP(D40,Datos!$B$8:$E$15,2,),"") | F40: =IFERROR(VLOOKUP(D40,Datos!$B$8:$E$15,3,),"") | I40: =SUM(I41:I45) -> 171074
D41: Ricardo Gonzalez | E41: =IFERROR(VLOOKUP(D41,Datos!$B$8:$E$15,2,),"") -> Labor (Personal) | F41: =IFERROR(VLOOKUP(D41,Datos!$B$8:$E$15,3,),"") -> Horas / Jornadas | G41: 6.6 | H41: {=XLOOKUP(D41,Datos!B:B,Datos!E:E,"Error",0)} -> 7630 | I41: =G41*H41 -> 50358
D42: Bastian Vidal | E42: =IFERROR(VLOOKUP(D42,Datos!$B$8:$E$15,2,),"") -> Labor (Personal) | F42: =IFERROR(VLOOKUP(D42,Datos!$B$8:$E$15,3,),"") -> Horas / Jornadas | G42: 6.6 | H42: {=XLOOKUP(D42,Datos!B:B,Datos!E:E,"Error",0)} -> 7630 | I42: =G42*H42 -> 50358
D43: Rodrigo Gonzalez | E43: =IFERROR(VLOOKUP(D43,Datos!$B$8:$E$15,2,),"") -> Labor (Personal) | F43: =IFERROR(VLOOKUP(D43,Datos!$B$8:$E$15,3,),"") -> Horas / Jornadas | G43: 6.6 | H43: {=XLOOKUP(D43,Datos!B:B,Datos!E:E,"Error",0)} -> 7630 | I43: =G43*H43 -> 50358
D44: Trello | E44: =IFERROR(VLOOKUP(D44,Datos!$B$8:$E$15,2,),"") -> Licencias | F44: =IFERROR(VLOOKUP(D44,Datos!$B$8:$E$15,3,),"") -> Cantidad | G44: 1 | H44: {=XLOOKUP(D44,Datos!B:B,Datos!E:E,"Error",0)} -> 5000 | I44: =G44*H44 -> 5000
D45: Firebase | E45: =IFERROR(VLOOKUP(D45,Datos!$B$8:$E$15,2,),"") -> Licencias | F45: =IFERROR(VLOOKUP(D45,Datos!$B$8:$E$15,3,),"") -> Cantidad | G45: 1 | H45: {=XLOOKUP(D45,Datos!B:B,Datos!E:E,"Error",0)} -> 15000 | I45: =G45*H45 -> 15000
B46: 1.7 | C46: Épica 7: Descubrimiento y exploración | E46: =IFERROR(VLOOKUP(D46,Datos!$B$8:$E$15,2,),"") | F46: =IFERROR(VLOOKUP(D46,Datos!$B$8:$E$15,3,),"") | I46: =SUM(I47:I51) -> 171074
D47: Ricardo Gonzalez | E47: =IFERROR(VLOOKUP(D47,Datos!$B$8:$E$15,2,),"") -> Labor (Personal) | F47: =IFERROR(VLOOKUP(D47,Datos!$B$8:$E$15,3,),"") -> Horas / Jornadas | G47: 6.6 | H47: {=XLOOKUP(D47,Datos!B:B,Datos!E:E,"Error",0)} -> 7630 | I47: =G47*H47 -> 50358
D48: Bastian Vidal | E48: =IFERROR(VLOOKUP(D48,Datos!$B$8:$E$15,2,),"") -> Labor (Personal) | F48: =IFERROR(VLOOKUP(D48,Datos!$B$8:$E$15,3,),"") -> Horas / Jornadas | G48: 6.6 | H48: {=XLOOKUP(D48,Datos!B:B,Datos!E:E,"Error",0)} -> 7630 | I48: =G48*H48 -> 50358
D49: Rodrigo Gonzalez | E49: =IFERROR(VLOOKUP(D49,Datos!$B$8:$E$15,2,),"") -> Labor (Personal) | F49: =IFERROR(VLOOKUP(D49,Datos!$B$8:$E$15,3,),"") -> Horas / Jornadas | G49: 6.6 | H49: {=XLOOKUP(D49,Datos!B:B,Datos!E:E,"Error",0)} -> 7630 | I49: =G49*H49 -> 50358
D50: Trello | E50: =IFERROR(VLOOKUP(D50,Datos!$B$8:$E$15,2,),"") -> Licencias | F50: =IFERROR(VLOOKUP(D50,Datos!$B$8:$E$15,3,),"") -> Cantidad | G50: 1 | H50: {=XLOOKUP(D50,Datos!B:B,Datos!E:E,"Error",0)} -> 5000 | I50: =G50*H50 -> 5000
D51: Firebase | E51: =IFERROR(VLOOKUP(D51,Datos!$B$8:$E$15,2,),"") -> Licencias | F51: =IFERROR(VLOOKUP(D51,Datos!$B$8:$E$15,3,),"") -> Cantidad | G51: 1 | H51: {=XLOOKUP(D51,Datos!B:B,Datos!E:E,"Error",0)} -> 15000 | I51: =G51*H51 -> 15000
B52: 45870 | C52: Épica 8: Componentes compartidos y utilidades | E52: =IFERROR(VLOOKUP(D52,Datos!$B$8:$E$15,2,),"") | F52: =IFERROR(VLOOKUP(D52,Datos!$B$8:$E$15,3,),"") | I52: =SUM(I53:I57) -> 324437
D53: Ricardo Gonzalez | E53: =IFERROR(VLOOKUP(D53,Datos!$B$8:$E$15,2,),"") -> Labor (Personal) | F53: =IFERROR(VLOOKUP(D53,Datos!$B$8:$E$15,3,),"") -> Horas / Jornadas | G53: 13.3 | H53: {=XLOOKUP(D53,Datos!B:B,Datos!E:E,"Error",0)} -> 7630 | I53: =G53*H53 -> 101479
D54: Bastian Vidal | E54: =IFERROR(VLOOKUP(D54,Datos!$B$8:$E$15,2,),"") -> Labor (Personal) | F54: =IFERROR(VLOOKUP(D54,Datos!$B$8:$E$15,3,),"") -> Horas / Jornadas | G54: 13.3 | H54: {=XLOOKUP(D54,Datos!B:B,Datos!E:E,"Error",0)} -> 7630 | I54: =G54*H54 -> 101479
D55: Rodrigo Gonzalez | E55: =IFERROR(VLOOKUP(D55,Datos!$B$8:$E$15,2,),"") -> Labor (Personal) | F55: =IFERROR(VLOOKUP(D55,Datos!$B$8:$E$15,3,),"") -> Horas / Jornadas | G55: 13.3 | H55: {=XLOOKUP(D55,Datos!B:B,Datos!E:E,"Error",0)} -> 7630 | I55: =G55*H55 -> 101479
D56: Trello | E56: =IFERROR(VLOOKUP(D56,Datos!$B$8:$E$15,2,),"") -> Licencias | F56: =IFERROR(VLOOKUP(D56,Datos!$B$8:$E$15,3,),"") -> Cantidad | G56: 1 | H56: {=XLOOKUP(D56,Datos!B:B,Datos!E:E,"Error",0)} -> 5000 | I56: =G56*H56 -> 5000
D57: Firebase | E57: =IFERROR(VLOOKUP(D57,Datos!$B$8:$E$15,2,),"") -> Licencias | F57: =IFERROR(VLOOKUP(D57,Datos!$B$8:$E$15,3,),"") -> Cantidad | G57: 1 | H57: {=XLOOKUP(D57,Datos!B:B,Datos!E:E,"Error",0)} -> 15000 | I57: =G57*H57 -> 15000
B58: 45901 | C58: Épica 9: Ruteo y navegación SPA | E58: =IFERROR(VLOOKUP(D58,Datos!$B$8:$E$15,2,),"") | F58: =IFERROR(VLOOKUP(D58,Datos!$B$8:$E$15,3,),"") | I58: =SUM(I59:I63) -> 171074
D59: Ricardo Gonzalez | E59: =IFERROR(VLOOKUP(D59,Datos!$B$8:$E$15,2,),"") -> Labor (Personal) | F59: =IFERROR(VLOOKUP(D59,Datos!$B$8:$E$15,3,),"") -> Horas / Jornadas | G59: 6.6 | H59: {=XLOOKUP(D59,Datos!B:B,Datos!E:E,"Error",0)} -> 7630 | I59: =G59*H59 -> 50358
D60: Bastian Vidal | E60: =IFERROR(VLOOKUP(D60,Datos!$B$8:$E$15,2,),"") -> Labor (Personal) | F60: =IFERROR(VLOOKUP(D60,Datos!$B$8:$E$15,3,),"") -> Horas / Jornadas | G60: 6.6 | H60: {=XLOOKUP(D60,Datos!B:B,Datos!E:E,"Error",0)} -> 7630 | I60: =G60*H60 -> 50358
D61: Rodrigo Gonzalez | E61: =IFERROR(VLOOKUP(D61,Datos!$B$8:$E$15,2,),"") -> Labor (Personal) | F61: =IFERROR(VLOOKUP(D61,Datos!$B$8:$E$15,3,),"") -> Horas / Jornadas | G61: 6.6 | H61: {=XLOOKUP(D61,Datos!B:B,Datos!E:E,"Error",0)} -> 7630 | I61: =G61*H61 -> 50358
D62: Trello | E62: =IFERROR(VLOOKUP(D62,Datos!$B$8:$E$15,2,),"") -> Licencias | F62: =IFERROR(VLOOKUP(D62,Datos!$B$8:$E$15,3,),"") -> Cantidad | G62: 1 | H62: {=XLOOKUP(D62,Datos!B:B,Datos!E:E,"Error",0)} -> 5000 | I62: =G62*H62 -> 5000
D63: Firebase | E63: =IFERROR(VLOOKUP(D63,Datos!$B$8:$E$15,2,),"") -> Licencias | F63: =IFERROR(VLOOKUP(D63,Datos!$B$8:$E$15,3,),"") -> Cantidad | G63: 1 | H63: {=XLOOKUP(D63,Datos!B:B,Datos!E:E,"Error",0)} -> 15000 | I63: =G63*H63 -> 15000
B64: 45931 | C64: Épica 10: Footer y soporte al creador | E64: =IFERROR(VLOOKUP(D64,Datos!$B$8:$E$15,2,),"") | F64: =IFERROR(VLOOKUP(D64,Datos!$B$8:$E$15,3,),"") | I64: =SUM(I65:I69) -> 79514
D65: Ricardo Gonzalez | E65: =IFERROR(VLOOKUP(D65,Datos!$B$8:$E$15,2,),"") -> Labor (Personal) | F65: =IFERROR(VLOOKUP(D65,Datos!$B$8:$E$15,3,),"") -> Horas / Jornadas | G65: 2.6 | H65: {=XLOOKUP(D65,Datos!B:B,Datos!E:E,"Error",0)} -> 7630 | I65: =G65*H65 -> 19838
D66: Bastian Vidal | E66: =IFERROR(VLOOKUP(D66,Datos!$B$8:$E$15,2,),"") -> Labor (Personal) | F66: =IFERROR(VLOOKUP(D66,Datos!$B$8:$E$15,3,),"") -> Horas / Jornadas | G66: 2.6 | H66: {=XLOOKUP(D66,Datos!B:B,Datos!E:E,"Error",0)} -> 7630 | I66: =G66*H66 -> 19838
D67: Rodrigo Gonzalez | E67: =IFERROR(VLOOKUP(D67,Datos!$B$8:$E$15,2,),"") -> Labor (Personal) | F67: =IFERROR(VLOOKUP(D67,Datos!$B$8:$E$15,3,),"") -> Horas / Jornadas | G67: 2.6 | H67: {=XLOOKUP(D67,Datos!B:B,Datos!E:E,"Error",0)} -> 7630 | I67: =G67*H67 -> 19838
D68: Trello | E68: =IFERROR(VLOOKUP(D68,Datos!$B$8:$E$15,2,),"") -> Licencias | F68: =IFERROR(VLOOKUP(D68,Datos!$B$8:$E$15,3,),"") -> Cantidad | G68: 1 | H68: {=XLOOKUP(D68,Datos!B:B,Datos!E:E,"Error",0)} -> 5000 | I68: =G68*H68 -> 5000
D69: Firebase | E69: =IFERROR(VLOOKUP(D69,Datos!$B$8:$E$15,2,),"") -> Licencias | F69: =IFERROR(VLOOKUP(D69,Datos!$B$8:$E$15,3,),"") -> Cantidad | G69: 1 | H69: {=XLOOKUP(D69,Datos!B:B,Datos!E:E,"Error",0)} -> 15000 | I69: =G69*H69 -> 15000
B70: 45962 | C70: Épica 11: Creación de vista y población de base de datos | E70: =IFERROR(VLOOKUP(D70,Datos!$B$8:$E$15,2,),"") | F70: =IFERROR(VLOOKUP(D70,Datos!$B$8:$E$15,3,),"") | I70: =SUM(I71:I75) -> 171074
D71: Ricardo Gonzalez | E71: =IFERROR(VLOOKUP(D71,Datos!$B$8:$E$15,2,),"") -> Labor (Personal) | F71: =IFERROR(VLOOKUP(D71,Datos!$B$8:$E$15,3,),"") -> Horas / Jornadas | G71: 6.6 | H71: {=XLOOKUP(D71,Datos!B:B,Datos!E:E,"Error",0)} -> 7630 | I71: =G71*H71 -> 50358
D72: Bastian Vidal | E72: =IFERROR(VLOOKUP(D72,Datos!$B$8:$E$15,2,),"") -> Labor (Personal) | F72: =IFERROR(VLOOKUP(D72,Datos!$B$8:$E$15,3,),"") -> Horas / Jornadas | G72: 6.6 | H72: {=XLOOKUP(D72,Datos!B:B,Datos!E:E,"Error",0)} -> 7630 | I72: =G72*H72 -> 50358
D73: Rodrigo Gonzalez | E73: =IFERROR(VLOOKUP(D73,Datos!$B$8:$E$15,2,),"") -> Labor (Personal) | F73: =IFERROR(VLOOKUP(D73,Datos!$B$8:$E$15,3,),"") -> Horas / Jornadas | G73: 6.6 | H73: {=XLOOKUP(D73,Datos!B:B,Datos!E:E,"Error",0)} -> 7630 | I73: =G73*H73 -> 50358
D74: Trello | E74: =IFERROR(VLOOKUP(D74,Datos!$B$8:$E$15,2,),"") -> Licencias | F74: =IFERROR(VLOOKUP(D74,Datos!$B$8:$E$15,3,),"") -> Cantidad | G74: 1 | H74: {=XLOOKUP(D74,Datos!B:B,Datos!E:E,"Error",0)} -> 5000 | I74: =G74*H74 -> 5000
D75: Firebase | E75: =IFERROR(VLOOKUP(D75,Datos!$B$8:$E$15,2,),"") -> Licencias | F75: =IFERROR(VLOOKUP(D75,Datos!$B$8:$E$15,3,),"") -> Cantidad | G75: 1 | H75: {=XLOOKUP(D75,Datos!B:B,Datos!E:E,"Error",0)} -> 15000 | I75: =G75*H75 -> 15000
B76: 45992 | C76: Épica 12: Modificación de tablas | E76: =IFERROR(VLOOKUP(D76,Datos!$B$8:$E$15,2,),"") | F76: =IFERROR(VLOOKUP(D76,Datos!$B$8:$E$15,3,),"") | I76: =SUM(I77:I81) -> 79514
D77: Ricardo Gonzalez | E77: =IFERROR(VLOOKUP(D77,Datos!$B$8:$E$15,2,),"") -> Labor (Personal) | F77: =IFERROR(VLOOKUP(D77,Datos!$B$8:$E$15,3,),"") -> Horas / Jornadas | G77: 2.6 | H77: {=XLOOKUP(D77,Datos!B:B,Datos!E:E,"Error",0)} -> 7630 | I77: =G77*H77 -> 19838
D78: Bastian Vidal | E78: =IFERROR(VLOOKUP(D78,Datos!$B$8:$E$15,2,),"") -> Labor (Personal) | F78: =IFERROR(VLOOKUP(D78,Datos!$B$8:$E$15,3,),"") -> Horas / Jornadas | G78: 2.6 | H78: {=XLOOKUP(D78,Datos!B:B,Datos!E:E,"Error",0)} -> 7630 | I78: =G78*H78 -> 19838
D79: Rodrigo Gonzalez | E79: =IFERROR(VLOOKUP(D79,Datos!$B$8:$E$15,2,),"") -> Labor (Personal) | F79: =IFERROR(VLOOKUP(D79,Datos!$B$8:$E$15,3,),"") -> Horas / Jornadas | G79: 2.6 | H79: {=XLOOKUP(D79,Datos!B:B,Datos!E:E,"Error",0)} -> 7630 | I79: =G79*H79 -> 19838
D80: Trello | E80: =IFERROR(VLOOKUP(D80,Datos!$B$8:$E$15,2,),"") -> Licencias | F80: =IFERROR(VLOOKUP(D80,Datos!$B$8:$E$15,3,),"") -> Cantidad | G80: 1 | H80: {=XLOOKUP(D80,Datos!B:B,Datos!E:E,"Error",0)} -> 5000 | I80: =G80*H80 -> 5000
D81: Firebase | E81: =IFERROR(VLOOKUP(D81,Datos!$B$8:$E$15,2,),"") -> Licencias | F81: =IFERROR(VLOOKUP(D81,Datos!$B$8:$E$15,3,),"") -> Cantidad | G81: 1 | H81: {=XLOOKUP(D81,Datos!B:B,Datos!E:E,"Error",0)} -> 15000 | I81: =G81*H81 -> 15000
B82: 1.13 | C82: Épica 13: Optimización del rendimiento y consumo | E82: =IFERROR(VLOOKUP(D82,Datos!$B$8:$E$15,2,),"") | F82: =IFERROR(VLOOKUP(D82,Datos!$B$8:$E$15,3,),"") | I82: =SUM(I83:I87) -> 171074
D83: Ricardo Gonzalez | E83: =IFERROR(VLOOKUP(D83,Datos!$B$8:$E$15,2,),"") -> Labor (Personal) | F83: =IFERROR(VLOOKUP(D83,Datos!$B$8:$E$15,3,),"") -> Horas / Jornadas | G83: 6.6 | H83: {=XLOOKUP(D83,Datos!B:B,Datos!E:E,"Error",0)} -> 7630 | I83: =G83*H83 -> 50358
D84: Bastian Vidal | E84: =IFERROR(VLOOKUP(D84,Datos!$B$8:$E$15,2,),"") -> Labor (Personal) | F84: =IFERROR(VLOOKUP(D84,Datos!$B$8:$E$15,3,),"") -> Horas / Jornadas | G84: 6.6 | H84: {=XLOOKUP(D84,Datos!B:B,Datos!E:E,"Error",0)} -> 7630 | I84: =G84*H84 -> 50358
D85: Rodrigo Gonzalez | E85: =IFERROR(VLOOKUP(D85,Datos!$B$8:$E$15,2,),"") -> Labor (Personal) | F85: =IFERROR(VLOOKUP(D85,Datos!$B$8:$E$15,3,),"") -> Horas / Jornadas | G85: 6.6 | H85: {=XLOOKUP(D85,Datos!B:B,Datos!E:E,"Error",0)} -> 7630 | I85: =G85*H85 -> 50358
D86: Trello | E86: =IFERROR(VLOOKUP(D86,Datos!$B$8:$E$15,2,),"") -> Licencias | F86: =IFERROR(VLOOKUP(D86,Datos!$B$8:$E$15,3,),"") -> Cantidad | G86: 1 | H86: {=XLOOKUP(D86,Datos!B:B,Datos!E:E,"Error",0)} -> 5000 | I86: =G86*H86 -> 5000
D87: Firebase | E87: =IFERROR(VLOOKUP(D87,Datos!$B$8:$E$15,2,),"") -> Licencias | F87: =IFERROR(VLOOKUP(D87,Datos!$B$8:$E$15,3,),"") -> Cantidad | G87: 1 | H87: {=XLOOKUP(D87,Datos!B:B,Datos!E:E,"Error",0)} -> 15000 | I87: =G87*H87 -> 15000
B88: 2 | C88: Documentación | I88: =SUM(I89,I95,I101,I107,I113,I119,) -> 401400
B89: 45659 | C89: Acta de Constitución del Proyecto | I89: =SUM(I90:I94) -> 82160
D90: Ricardo Gonzalez | E90: =IFERROR(VLOOKUP(D90,Datos!$B$8:$E$15,2,),"") -> Labor (Personal) | F90: =IFERROR(VLOOKUP(D90,Datos!$B$8:$E$15,3,),"") -> Horas / Jornadas | G90: 3 | H90: {=XLOOKUP(D90,Datos!B:B,Datos!E:E,"Error",0)} -> 7630 | I90: =G90*H90 -> 22890
D91: Bastian Vidal | E91: =IFERROR(VLOOKUP(D91,Datos!$B$8:$E$15,2,),"") -> Labor (Personal) | F91: =IFERROR(VLOOKUP(D91,Datos!$B$8:$E$15,3,),"") -> Horas / Jornadas | G91: 3 | H91: {=XLOOKUP(D91,Datos!B:B,Datos!E:E,"Error",0)} -> 7630 | I91: =G91*H91 -> 22890
D92: Rodrigo Gonzalez | E92: =IFERROR(VLOOKUP(D92,Datos!$B$8:$E$15,2,),"") -> Labor (Personal) | F92: =IFERROR(VLOOKUP(D92,Datos!$B$8:$E$15,3,),"") -> Horas / Jornadas | G92: 3 | H92: {=XLOOKUP(D92,Datos!B:B,Datos!E:E,"Error",0)} -> 7630 | I92: =G92*H92 -> 22890
D93: Microsoft 365 | E93: =IFERROR(VLOOKUP(D93,Datos!$B$8:$E$15,2,),"") -> Licencias | F93: =IFERROR(VLOOKUP(D93,Datos!$B$8:$E$15,3,),"") -> Cantidad | G93: 1 | H93: {=XLOOKUP(D93,Datos!B:B,Datos!E:E,"Error",0)} -> 8490 | I93: =G93*H93 -> 8490
D94: Trello | E94: =IFERROR(VLOOKUP(D94,Datos!$B$8:$E$15,2,),"") -> Licencias | F94: =IFERROR(VLOOKUP(D94,Datos!$B$8:$E$15,3,),"") -> Cantidad | G94: 1 | H94: {=XLOOKUP(D94,Datos!B:B,Datos!E:E,"Error",0)} -> 5000 | I94: =G94*H94 -> 5000
B95: 2.2 | C95: Presupuesto de Proyecto | I95: =SUM(I96:I100) -> 59270
D96: Ricardo Gonzalez | E96: =IFERROR(VLOOKUP(D96,Datos!$B$8:$E$15,2,),"") -> Labor (Personal) | F96: =IFERROR(VLOOKUP(D96,Datos!$B$8:$E$15,3,),"") -> Horas / Jornadas | G96: 2 | H96: {=XLOOKUP(D96,Datos!B:B,Datos!E:E,"Error",0)} -> 7630 | I96: =G96*H96 -> 15260
D97: Bastian Vidal | E97: =IFERROR(VLOOKUP(D97,Datos!$B$8:$E$15,2,),"") -> Labor (Personal) | F97: =IFERROR(VLOOKUP(D97,Datos!$B$8:$E$15,3,),"") -> Horas / Jornadas | G97: 2 | H97: {=XLOOKUP(D97,Datos!B:B,Datos!E:E,"Error",0)} -> 7630 | I97: =G97*H97 -> 15260
D98: Rodrigo Gonzalez | E98: =IFERROR(VLOOKUP(D98,Datos!$B$8:$E$15,2,),"") -> Labor (Personal) | F98: =IFERROR(VLOOKUP(D98,Datos!$B$8:$E$15,3,),"") -> Horas / Jornadas | G98: 2 | H98: {=XLOOKUP(D98,Datos!B:B,Datos!E:E,"Error",0)} -> 7630 | I98: =G98*H98 -> 15260
D99: Microsoft 365 | E99: =IFERROR(VLOOKUP(D99,Datos!$B$8:$E$15,2,),"") -> Licencias | F99: =IFERROR(VLOOKUP(D99,Datos!$B$8:$E$15,3,),"") -> Cantidad | G99: 1 | H99: {=XLOOKUP(D99,Datos!B:B,Datos!E:E,"Error",0)} -> 8490 | I99: =G99*H99 -> 8490
D100: Trello | E100: =IFERROR(VLOOKUP(D100,Datos!$B$8:$E$15,2,),"") -> Licencias | F100: =IFERROR(VLOOKUP(D100,Datos!$B$8:$E$15,3,),"") -> Cantidad | G100: 1 | H100: {=XLOOKUP(D100,Datos!B:B,Datos!E:E,"Error",0)} -> 5000 | I100: =G100*H100 -> 5000
B101: 2.3 | C101: Matriz de Responsabilidad RACI | I101: =SUM(I102:I106) -> 59270
...

Sheet Datos
B1: Presupuesto de Proyecto | D1: [Nombre de la Compañía / Logo]
B2: Elaborado por: Cultura X
B3: Scrum Master: Ricardo Gonzalez
B4: Fecha de Inicio: 15/08/2025
B6: Elemento | C6: Tipo de Recurso | D6: Tipo de Unidades | E6: Tasa
B8: Rodrigo Gonzalez | C8: Labor (Personal) | D8: Horas / Jornadas | E8: 7630
B9: Ricardo Gonzalez | C9: Labor (Personal) | D9: Horas / Jornadas | E9: 7630
B10: Bastian Vidal | C10: Labor (Personal) | D10: Horas / Jornadas | E10: 7630
B11: Firebase | C11: Licencias | D11: Cantidad | E11: 15000
B12: Hosting | C12: Licencias | D12: Cantidad | E12: 30000
B13: Dominio | C13: Licencias | D13: Cantidad | E13: 10000
B14: Microsoft 365 | C14: Licencias | D14: Cantidad | E14: 8490
B15: Trello | C15: Licencias | D15: Cantidad | E15: 5000
